{
  "image_0.png": {
    "rvec": [
      3.2340339979909074,
      -0.12311126507187502,
      -0.19507705633389177
    ],
    "tvec": [
      0.061915210584775705,
      0.42391133297198685,
      1.0378747327665108
    ],
    "camera_position": [
      0.09639713035650328,
      0.5248980380968608,
      0.9878805167124707
    ]
  }
}